,mean of integrals,Samples(N),log10_Samples(N),Time,Variance,log10_Var,Relative Error,log10_rel_err
0,0.159338731914799,100,2.0,0.028725862503051758,0.000909068274679324,-3.0414034982928952,0.17340728741495934,-0.7609326553165481
1,0.19448337525843792,1000,3.0,0.29345011711120605,0.0004585104551174979,-3.338650756944738,0.008910631933024197,-2.0500914951445584
2,0.19237171888842114,10000,4.0,3.937134027481079,8.069751995112118e-05,-4.093139812094452,0.0020438908372021314,-2.689542303286227
3,0.19245330391018012,100000,5.0,20.352169036865234,3.5346976478979573e-06,-5.45164772909915,0.0016206567394303247,-2.7903089604491833
4,0.19242927958503295,1000000,6.0,156.0243272781372,1.697150285578145e-07,-6.770279698455803,0.0017452864001084535,-2.758133295478058
