,mean of integrals,Samples(N),log10_Samples(N),Time,Variance,log10_Var,Relative Error,log10_rel_err
0,0.1919010793344272,100,2.0,0.4697291851043701,0.005086993856019846,-2.2935387869014328,0.0044854015791959525,-2.348198668378771
1,0.19280357315806004,1000,3.0,4.302626132965088,0.0005984484225340084,-3.2229732734515726,0.00019641563375139324,-3.706823947395595
2,0.1938333118602331,10000,4.0,22.574033975601196,5.671934421717494e-05,-4.246268799061038,0.005538334054052069,-2.2566208525889864
3,0.1930120659038989,100000,5.0,154.77683687210083,7.397100096549814e-06,-5.1309385044446225,0.0012780019013602325,-2.8934685000511378
4,0.19279366907062992,1000000,6.0,1411.237524986267,6.90675197927124e-07,-6.160726139182485,0.00014503674805194572,-3.838521946356896
